{
	"era": "diesel",
	"name": "Ford F150 Hi-Rail",
	"works": "Ford Motors",
	"model": "immersiverailroading:models/rolling_stock/locomotives/F150/F150.obj",
	"darken_model": "-0.05",
	"sound_dampening_percentage": "0.75",
	"properties": {
		"fuel_efficiency_%": 88,
		"fuel_capacity_l": 3000,
		"horsepower": 650,
		"tractive_effort_lbf": 1300,
		"max_speed_kmh": 80,
		"weight_kg": 2270
	},
	"passenger": {
		"slots": 2,
		"center_x": 0.45,
		"center_y": 1.05,
		"length": 0.00001,
		"width": 1.2,
		"should_sit": true
	},
	"trucks": {
		"front": 2.0715, 
		"rear": -2.0715
	},
	"couplers": {
		"front_offset": 0.0,
		"rear_offset": 0.25
	},
	"sounds": {
		"horn": "sounds/f150/f150_horn.ogg",
		"idle": "sounds/f150/f150_idle.ogg"
	}
}
