{
	"era": "diesel",
	"name": "EMD F59PHI [Amtrak Cascades]",
	"works": "Electro-Motive Division",
	"model": "immersiverailroading:models/rolling_stock/locomotives/f59phi/f59phi_cas.obj",
	"darken_model": "-0.05",
	"sound_dampening_percentage": "0.75",
	"properties": {
		"fuel_efficiency_%": 97,
		"fuel_capacity_l": 42475,
		"horsepower": 3000,
		"tractive_effort_lbf": 38240,
		"max_speed_kmh": 175,
		"weight_kg": 120202
	},
	"passenger": {
		"slots": 2,
		"center_x": 5.985,
		"center_y": 2.8,
		"length": 0.85,
		"width": 2.0,
		"should_sit": false
	},
	"trucks": {
		"front": 5.7912, 
		"rear": -5.7912
	},
	"couplers": {
		"front_offset": -0.105,
        	"rear_offset": -0.105
	},
	"sounds": {
		"horn": "sounds/f59phi/f59phi_horn.ogg",
		"idle": "sounds/f59phi/f59phi_idle.ogg"
	}
}
