{
	"era": "steam",
	"name": "Bigger Boy (4000 class) ARK",
	"works": "American Locomotive Company",
	"model": "immersiverailroading:models/rolling_stock/locomotives/biggerboy/biggerboy.obj",
	"modeler": "Adam R. K.",
	"pack": "ARK Heavy Industrial",
	"darken_model": "-0.3",
	"properties": {
		"max_psi": 300,
		"water_capacity_l": 150000, 
		"horsepower": 18000,
		"tractive_effort_lbf": 305000,
		"max_speed_kmh": 130,
		"valve_gear": "mallet_walschaerts",
		"weight_kg": 650000
	},
	"firebox": {
		"slots": 36,
		"width": 6
	},
	"passenger": {
		"slots": 4,
		"center_x": -16.5,
		"center_y": 3.97,
		"length": 1.2,
		"width": 3.7
	},
	"trucks": {
		"front": -2.4, 
		"rear": -11
	},
	"couplers": {
		"front_offset": -0.09,
		"rear_offset": -1.98
	},
	"sounds": {
		"whistle": "sounds/steam/biggerboy/whistle.ogg",
		"idle": "sounds/steam/biggerboy/idle.ogg",
		"pressure": "sounds/steam/biggerboy/pressure.ogg",
		"chuff": "sounds/steam/biggerboy/chuff.ogg",
		"quilling": [
			{
				"pull_start": 0.25,
				"pull_end": 0.55,
				"pitch_start": 0.7,
				"pitch_end": 1.0,
				"sample": "sounds/steam/biggerboy/bbquilling.ogg"
			}
		]
	}
}