{
	"era": "diesel",
	"name": "BR Class 08 shunter ark",
	"works": "British Railway",
	"model": "immersiverailroading:models/rolling_stock/locomotives/cl08_ark/cl08_ark.obj",
	"modeler": "Adam R. K.",
	"pack": "ARK Heavy Industrial",
	"tex_variants": {
		"Gray Fullbuster":"grayfullbuster",
		"Blue":"blue",
		"Black also matters ex dey":"black",
		"Mobile Brothel":"pink",
		"Reditto Amigo":"red",
		"Eyy Heyy and up she Raaayyses":"sea"
		},
		"darken_model": "-0.15",
	"properties": {
		"fuel_efficiency_%": 72,
		"fuel_capacity_l": 3040,
		"horsepower": 1200,
		"tractive_effort_lbf": 35000,
		"max_speed_kmh": 42,
		"weight_kg": 70000
	},
	"passenger": {
		"slots": 3,
		"center_x": -3.95,
		"center_y": 2.03,
		"length": 0.24,
		"width": 2.03
	},
	"trucks": {
		"front": 2.13, 
		"rear": -2.13
	},
	"couplers": {
		"front_offset": -0.09,
		"rear_offset": -0.09
	},
	"sounds": {
		"horn": "sounds/diesel/cl08_ark/horn.ogg",
		"idle": "sounds/diesel/cl08_ark/idle.ogg"
	}
}
