{
	"era": "manual",
	"name": "Hand Car ARK",
	"works": "ARK Heavy Industries",
	"model": "immersiverailroading:models/rolling_stock/hand_car/handcar.obj",
	"modeler": "Adam R. K.",
	"pack": "ARK Heavy Industrial",
	"tex_variants": {
		"Blue": "blue",
		"Green": "green",
		"Red": "red",
		"Eyy heyy and up she rises": "sea",
		"Long, thick and hard - steel": "steel"
	},
	"darken_model": "-0.05",
	"properties": {
		"weight_kg": 2000,
		"horsepower": 50,
		"tractive_effort_lbf": 2000,
		"max_speed_kmh": 30
	},
	"passenger": {
		"slots": 6,
		"center_x": 0,
		"center_y": 1.2,
		"length": 1.4,
		"width": 1.2
	},
	"trucks": {
		"front": 0.6, 
		"rear": -0.6
	},
	"couplers": {
		"front_offset": -0.09,
		"rear_offset": -0.09
	}
}