{
	"name": "Big Boy 4014 Tender",
	"model": "immersiverailroading:models/rolling_stock/tender/biggerboytender/biggerboytender.obj",
	"modeler": "Adam R. K.",
	"pack": "ARK Heavy Industrial",
	"show_current_loads_only": true,
	"darken_model": "-0.3",
	"properties": {
		"weight_kg": 220000
	},
	"passenger": {
		"slots": 2,
		"center_x": 9.4,
		"center_y": 3.53,
		"length": 0.34,
		"width": 4.9
	},
	"tank": {
		"capacity_l":  140000
	},
	"tender": {
		"slots": 80,
		"width": 20
	},
	"trucks": {
		"front": 2, 
		"rear": -4
	},
	"couplers": {
		"front_offset": -0.3,
		"rear_offset": -0.09
	}
}