{
	"works": "ARK Hvy",
    "name": "4394a db telescope freight car ARK",
	"modeler": "Adam R. K.",
	"pack": "ARK Heavy Industrial",
    "model": "immersiverailroading:models/rolling_stock/freight/4394a_db/4394a_db.obj",
    "darken_model": "-0.2",
    "properties": {
        "weight_kg": 70000
    },
    "passenger": {
        "slots": 12,
        "center_x": 0,
        "center_y": 2.5,
        "length": 11,
        "width": 3.2
    },
    "freight": {
        "slots": 54,
        "width": 9,
        "cargo": ["all"]
    },
    "trucks": {
        "front": 7.28, 
        "rear": -7.28
    },
    "couplers": {
        "front_offset": -0.15,
        "rear_offset": -0.15
    }
}