{
    "name": "ARK - HOPPAH mod.pure.pawah XDDV2",
    "model": "immersiverailroading:models/rolling_stock/freight/ark_heavy_hopper/ark_heavy_hopper.obj",
	"modeler": "Adam R. K.",
	"pack": "ARK Heavy Industrial",
	"show_current_loads_only": true,
	"tex_variants": {
		"Red": "red",
		"Yellow": "yellow",
		"Yellow": "pink",
		"Blue": "blue",
		"Black": "black",
		"DarkGreen": "darkgreen"
	},
	
    "darken_model": "-0.15",
    "properties": {
        "weight_kg": 85000
    },
    "passenger": {
        "slots": 12,
        "center_x": -10,
        "center_y": 2.4,
        "length": 0.5,
        "width": 4.5
    },
    "freight": {
        "slots": 54,
        "width": 9,
        "cargo": ["all"]
    },
    "trucks": {
        "front": 8.43, 
        "rear": -8.43
    },
    "couplers": {
        "front_offset": -0.15,
        "rear_offset": -0.15
    }
}