{
    "name": "ARK - VERY WELLCAR mod.so.much.XD",
    "model": "immersiverailroading:models/rolling_stock/freight/ark_intermodal/ark_intermodal.obj",
	"modeler": "Adam R. K.",
	"pack": "ARK Heavy Industrial",
	"tex_variants": {
		"Blue Yellow": "blueyellow",
		"Green Red": "greenred",
		"Green Yellow": "greenyellow",
		"MAERSK Blue": "maerskblue",
		"MAERSK Yellow": "maerskyellow",
		"Red Blue": "redblue",
		"White Yellow": "whiteyellow",
		"Violet Green": "violetgreen",
		"Green Violet Red": "greenvioletred"
	},
    "darken_model": "-0.15",
    "properties": {
        "weight_kg": 80000
    },
    "passenger": {
        "slots": 12,
        "center_x": 0,
        "center_y": 4.7,
        "length": 7.65,
        "width": 2.4
    },
    "freight": {
        "slots": 54,
        "width": 9,
        "cargo": ["all"]
    },
    "trucks": {
        "front": 10.75, 
        "rear": -10.75
    },
    "couplers": {
        "front_offset": -0.15,
        "rear_offset": -0.15
    }
}