{
    "name": "Minecart ARK",
    "model": "immersiverailroading:models/rolling_stock/freight/minecart_ark/minecart_ark.obj",
	"modeler": "Adam R. K.",
	"pack": "ARK Heavy Industrial",
	"show_current_loads_only": true,
	"tex_variants": {
		"New": "gray"
	},
    "darken_model": "-0.05",
    "properties": {
        "weight_kg": 1200
    },
    "passenger": {
        "slots": 4,
        "center_x": 0,
        "center_y": 1.3,
        "length": 0.7,
        "width": 0.7
    },
    "freight": {
        "slots": 27,
        "width": 9,
        "cargo": ["all"]
    },
    "trucks": {
        "front": 0.6, 
        "rear": -0.6
    },
    "couplers": {
        "front_offset": -0.09,
        "rear_offset": -0.09
    }
}