{
	"era": "diesel",
	"name": "CD 714 (Big Lego)",
	"works": "Czech Railways",
	"model": "immersiverailroading:models/rolling_stock/locomotives/cd714/cd714.obj",
	"darken_model": "-0.1",
	"properties": {
		"fuel_efficiency_%": 75,
		"fuel_capacity_l": 2000,
		"horsepower": 805,
		"tractive_effort_lbf": 35000,
		"max_speed_kmh": 80,
		"weight_kg": 64000
	},
	"passenger": {
		"slots": 2,
		"center_x": 1.7,
		"center_y": 2.2,
		"length": 0.7,
		"width": 2
	},
	"trucks": {
		"front": 3.8, 
		"rear": -3.8
	},
	"sounds": {
		"horn": "sounds/diesel/cd714/horn.ogg",
		"idle": "sounds/diesel/cd714/idle.ogg"
	}
}
