{
	"era": "diesel",
	"name": "CD 750 (Goggles)",
	"works": "Czech Railways",
	"model": "immersiverailroading:models/rolling_stock/locomotives/cd750/cd750.obj",
	"darken_model": "-0.1",
	"properties": {
		"fuel_efficiency_%": 85,
		"fuel_capacity_l": 3600,
		"horsepower": 1950,
		"tractive_effort_lbf": 48000,
		"max_speed_kmh": 100,
		"weight_kg": 74500
	},
	"passenger": {
		"slots": 2,
		"center_x": 0,
		"center_y": 1.8,
		"length": 7,
		"width": 2
	},
	"trucks": {
		"front": 5, 
		"rear": -5
	},
	"sounds": {
		"horn": "sounds/diesel/cd750/horn.ogg",
		"idle": "sounds/diesel/cd750/idle.ogg"
	}
}
