{
	"era": "diesel",
	"name": "CD 810 (Orchestrion)",
	"works": "Czech Railways",
	"model": "immersiverailroading:models/rolling_stock/locomotives/cd810n/cd810n.obj",
	"darken_model": "-0.1",
	"properties": {
		"fuel_efficiency_%": 80,
		"fuel_capacity_l": 3600,
		"horsepower": 208,
		"tractive_effort_lbf": 6520,
		"max_speed_kmh": 80,
		"weight_kg": 20000
	},
	"passenger": {
		"slots": 55,
		"center_x": 0,
		"center_y": 1.3,
		"length": 6,
		"width": 2
	},
	"trucks": {
		"front": 4, 
		"rear": -4
	},
	"sounds": {
		"horn": "sounds/diesel/cd810/horn.ogg",
		"idle": "sounds/diesel/cd810/idle.ogg"
	}
}
