{
	"name": "ARK - THE T.O.N.K.",
	"model": "immersiverailroading:models/rolling_stock/tank/ark_tonk/ark_tonk.obj",
	"modeler": "Adam R. K.",
	"pack": "ARK Heavy Industrial",
	"show_current_loads_only": true,
	"tex_variants":{
	"Black": "black",
	"Blue": "blue",
	"Green": "green",
	"Red": "red"
	},
	"darken_model": "-0.3",
	"properties": {
		"weight_kg": 90000
	},
	"passenger": {
		"slots": 12,
		"center_x": 0,
		"center_y": 7.5,
		"length": 1.75,
		"width": 3.5
	},
	"tank": {
		"capacity_l": 163000 
	},
	"trucks": {
		"front": 6.25, 
		"rear": -6.25
	},
	"couplers": {
		"front_offset": -0.15,
		"rear_offset": -0.15
	}
}