{
	"name": "Model Boxcar",
	"model": "immersiverailroading:models/rolling_stock/freight/modelboxcar/modelboxcar.obj",
	"darken_model": "-0.05",
	"properties": {
		"weight_kg": 21318
	},
	"passenger": {
		"slots": 10,
		"center_x": 0,
		"center_y": 1.2,
		"length": 2,
		"width": 2
	},
	"freight": {
		"slots": 90,
		"width": 18,
		"cargo": ["all"]
	},
	"trucks": {
		"front": 43.738803048, 
		"rear": -43.738803048
	},
	"couplers": {
		"front_offset": -0.08,
		"rear_offset": -0.08
	}
}