{
	"name": "Superliner Sleeper",
	"works": "Pullman-Standard",
	"model": "immersiverailroading:models/rolling_stock/passenger/superliner/superliner_sleeper.obj",
	"darken_model": "-0.1",
	"sound_dampening_percentage": "0.45",
	"properties": {
		"weight_kg": 40000
	},
	"passenger": {
		"slots": 20,
		"center_x": 0,
		"center_y": 2.8,
		"length": 11.8,
		"width": 2.0,
		"should_sit": false
	},
	"trucks": {
		"front": 9.46, 
		"rear": -9.46
	},
    	"couplers": {
        	"front_offset": -0.105,
        	"rear_offset": -0.105
    }
}